listeners,workers,connections,run,requests_per_sec,avg_latency_ms,transfer_mb_s
2,2,10000,1,101767.26,83.47,931.84
2,2,10000,2,93685.05,102.13,853.97
2,2,10000,3,94999.17,99.99,865.95
2,2,10000,4,94270.38,100.65,859.32
2,2,10000,5,93531.70,101.61,852.56
2,2,10000,6,94142.82,101.44,858.13
2,2,10000,7,94337.52,101.14,859.93
2,2,10000,8,94637.10,101.14,862.67
2,2,10000,9,94765.81,100.52,863.85
2,2,10000,10,96329.25,99.40,880.64
2,2,20000,1,48442.02,124.36,441.58
2,2,20000,2,48120.83,112.45,438.76
2,2,20000,3,51992.34,113.24,473.99
2,2,20000,4,50462.89,116.50,460.03
2,2,20000,5,50739.06,117.45,462.53
2,2,20000,6,44358.70,134.97,404.41
2,2,20000,7,46390.38,130.21,422.94
2,2,20000,8,48774.54,117.22,444.73
2,2,20000,9,48874.79,122.37,445.61
2,2,20000,10,42746.47,139.40,389.76
2,2,40000,1,2851.65,29.20,26.07
2,2,40000,2,2698.28,31.03,24.72
2,2,40000,3,2180.31,30.04,20.01
2,2,40000,4,2542.02,32.11,23.31
2,2,40000,5,2432.33,30.25,22.28
2,2,40000,6,2892.59,29.92,26.50
2,2,40000,7,2499.99,30.65,22.93
2,2,40000,8,2430.78,32.52,22.28
2,2,40000,9,2463.94,32.25,22.54
2,2,40000,10,2700.02,30.02,24.74
2,2,80000,1,939.09,32.64,8.60
2,2,80000,2,960.73,27.66,8.80
2,2,80000,3,885.01,30.12,8.12
2,2,80000,4,868.17,33.75,7.95
2,2,80000,5,949.96,29.46,8.71
2,2,80000,6,974.89,29.77,8.93
2,2,80000,7,900.47,33.00,8.24
2,2,80000,8,1017.45,28.81,9.31
2,2,80000,9,871.30,35.34,7.97
2,2,80000,10,901.98,30.46,8.27
2,2,100000,1,768.19,28.06,7.02
2,2,100000,2,705.07,28.59,6.46
2,2,100000,3,722.37,31.17,6.61
2,2,100000,4,703.57,30.73,6.44
2,2,100000,5,672.21,33.04,6.16
2,2,100000,6,681.74,31.10,6.25
2,2,100000,7,638.11,32.93,5.84
2,2,100000,8,700.81,30.14,6.42
2,2,100000,9,772.80,30.82,7.07
2,2,100000,10,726.46,31.38,6.65
2,4,10000,1,151176.76,56.82,1382.40
2,4,10000,2,150030.72,64.04,1372.16
2,4,10000,3,151154.18,63.40,1382.40
2,4,10000,4,149039.00,64.03,1361.92
2,4,10000,5,149753.61,64.02,1361.92
2,4,10000,6,149712.74,63.87,1361.92
2,4,10000,7,149965.12,64.03,1361.92
2,4,10000,8,150042.00,63.68,1372.16
2,4,10000,9,150859.48,63.48,1372.16
2,4,10000,10,149806.23,63.80,1361.92
2,4,20000,1,66854.76,85.73,609.50
2,4,20000,2,67774.44,84.83,617.97
2,4,20000,3,64423.83,87.42,587.46
2,4,20000,4,65379.01,85.57,596.10
2,4,20000,5,66122.33,87.45,602.94
2,4,20000,6,68733.54,76.83,626.69
2,4,20000,7,65078.92,83.81,593.45
2,4,20000,8,64217.12,94.63,585.45
2,4,20000,9,64680.86,88.71,589.80
2,4,20000,10,64431.59,86.90,587.50
2,4,40000,1,3493.98,23.32,31.90
2,4,40000,2,3368.48,23.24,30.76
2,4,40000,3,3673.26,24.66,33.56
2,4,40000,4,3569.44,24.39,32.60
2,4,40000,5,3291.92,24.92,30.08
2,4,40000,6,3503.72,24.61,32.02
2,4,40000,7,3247.72,24.12,29.66
2,4,40000,8,3426.48,25.96,31.30
2,4,40000,9,3479.82,24.54,31.76
2,4,40000,10,3442.30,25.16,31.43
2,4,80000,1,1271.81,23.14,11.62
2,4,80000,2,1297.65,23.53,11.85
2,4,80000,3,1209.25,24.42,11.05
2,4,80000,4,1315.22,23.87,12.00
2,4,80000,5,1121.88,25.21,10.26
2,4,80000,6,1234.42,25.44,11.26
2,4,80000,7,1125.84,26.57,10.28
2,4,80000,8,1236.94,23.59,11.30
2,4,80000,9,1232.88,24.09,11.26
2,4,80000,10,1357.17,23.14,12.38
2,4,100000,1,844.08,25.14,7.70
2,4,100000,2,901.80,25.05,8.23
2,4,100000,3,912.36,26.20,8.33
2,4,100000,4,971.24,26.18,8.86
2,4,100000,5,861.07,26.24,7.86
2,4,100000,6,974.32,23.52,8.91
2,4,100000,7,1001.16,23.89,9.14
2,4,100000,8,884.82,24.12,8.08
2,4,100000,9,906.54,23.53,8.29
2,4,100000,10,986.02,24.63,9.00
2,8,10000,1,172143.41,55.01,1566.72
2,8,10000,2,168128.41,56.62,1536.00
2,8,10000,3,167912.45,57.10,1525.76
2,8,10000,4,168411.92,57.02,1536.00
2,8,10000,5,168108.24,56.81,1536.00
2,8,10000,6,168306.00,57.08,1536.00
2,8,10000,7,167848.16,56.99,1525.76
2,8,10000,8,167871.51,57.04,1525.76
2,8,10000,9,168175.46,57.14,1536.00
2,8,10000,10,167233.91,57.10,1525.76
2,8,20000,1,75708.57,64.44,690.31
2,8,20000,2,82962.78,57.28,756.44
2,8,20000,3,68874.91,78.51,627.97
2,8,20000,4,72356.85,66.71,659.73
2,8,20000,5,69207.76,76.57,630.99
2,8,20000,6,74314.64,62.33,677.63
2,8,20000,7,76943.89,56.13,701.63
2,8,20000,8,65316.51,75.96,595.54
2,8,20000,9,69888.27,62.44,637.23
2,8,20000,10,59229.55,87.91,540.04
2,8,40000,1,3799.93,24.67,34.66
2,8,40000,2,3976.98,22.39,36.29
2,8,40000,3,4004.49,22.55,36.52
2,8,40000,4,3585.58,24.75,32.71
2,8,40000,5,3634.29,22.65,33.18
2,8,40000,6,3515.38,23.81,32.09
2,8,40000,7,3717.88,23.23,33.93
2,8,40000,8,3614.78,24.18,32.97
2,8,40000,9,3695.38,24.03,33.73
2,8,40000,10,3718.84,22.29,33.95
2,8,80000,1,1284.79,24.45,11.73
2,8,80000,2,1319.95,24.81,12.05
2,8,80000,3,1301.10,23.82,11.86
2,8,80000,4,1251.39,25.63,11.42
2,8,80000,5,1296.56,24.30,11.83
2,8,80000,6,1311.15,23.97,11.96
2,8,80000,7,1387.79,22.85,12.66
2,8,80000,8,1354.23,22.75,12.35
2,8,80000,9,1281.75,22.84,11.70
2,8,80000,10,1350.88,22.54,12.32
2,8,100000,1,982.57,23.02,8.97
2,8,100000,2,977.26,24.29,8.92
2,8,100000,3,996.10,23.53,9.09
2,8,100000,4,1024.05,23.60,9.34
2,8,100000,5,1043.15,22.58,9.52
2,8,100000,6,1014.48,24.74,9.25
2,8,100000,7,1017.98,22.61,9.29
2,8,100000,8,1006.54,24.56,9.18
2,8,100000,9,996.42,23.82,9.10
2,8,100000,10,949.55,24.22,8.66
4,4,10000,1,148783.10,64.34,1351.68
4,4,10000,2,148353.35,64.78,1351.68
4,4,10000,3,145408.72,65.91,1320.96
4,4,10000,4,146024.68,65.03,1331.20
4,4,10000,5,148783.31,64.34,1351.68
4,4,10000,6,144308.49,65.45,1310.72
4,4,10000,7,57162.14,162.38,521.05
4,4,10000,8,57177.11,163.06,521.20
4,4,10000,9,56649.10,148.37,516.37
4,4,10000,10,55800.23,168.13,508.64
4,4,20000,1,29173.28,203.40,265.96
4,4,20000,2,22901.76,197.92,208.84
4,4,20000,3,28508.80,162.20,259.87
4,4,20000,4,22776.31,231.25,207.66
4,4,20000,5,20976.68,240.41,191.28
4,4,20000,6,25758.24,206.94,234.82
4,4,20000,7,20013.75,239.86,182.50
4,4,20000,8,24540.78,194.99,223.70
4,4,20000,9,22720.82,227.13,207.16
4,4,20000,10,22906.14,222.81,208.82
4,4,40000,1,1817.98,37.26,16.63
4,4,40000,2,2131.09,39.70,19.44
4,4,40000,3,2245.75,37.09,20.49
4,4,40000,4,2301.97,39.39,21.00
4,4,40000,5,2573.47,34.54,23.49
4,4,40000,6,2758.52,33.53,25.18
4,4,40000,7,2601.38,34.12,23.75
4,4,40000,8,2612.29,34.67,23.84
4,4,40000,9,2315.64,33.24,21.16
4,4,40000,10,2418.67,36.27,22.08
4,4,80000,1,970.44,34.26,8.86
